Market,Side,Bets,Wins,ProfitUnits,HitRate,AverageOdd,ROI
1X2,H,32,17,1.6237999999999997,0.53125,1.95173125,0.05074374999999999
OU,O25,53,31,3.849799999999998,0.5849056603773585,1.8448037735849054,0.07263773584905657
OU,U25,462,293,28.352799999999984,0.6341991341991342,1.6739121212121213,0.061369696969696935
