Season,Bets,Wins,ProfitUnits,HitRate,AverageOdd,ROI
2022,143,87,3.421799999999994,0.6083916083916084,1.6797062937062937,0.023928671328671287
2023,117,74,15.985999999999997,0.6324786324786325,1.813251282051282,0.1366324786324786
2024,140,87,7.431199999999995,0.6214285714285714,1.69687,0.05307999999999997
2025,147,93,6.987399999999995,0.6326530612244898,1.6576,0.047533333333333296
